Indicator Name,Value
Root Mean Square Error,0.04735465014898466
Mean Absolute Error,0.03284407798605138
Mean Absolute Percentage Error,4.900056510853215
U-Theil1 Statistic,66.72797977605828
U-Theil2 Statistic,0.2074367253519748
Diebold-Mariano Test,24.612474237604665
